prompt_id,source_line_no,timestamp_kst,kst_date,kst_hour,session_id,session_seq,model,analysis_scope,prompt_origin,task_type,topic,topic_tags,prompt_char_count,prompt_line_count,is_multiline,contains_question,has_file_reference,has_command_reference,has_code_block_or_markdown,specificity_score,context_score,constraint_score,deliverable_clarity_score,overall_prompt_score,repair_signal,ambiguity_flag,exclude_reason,linked_user_prompt_id,prompt_excerpt
P0002,2,2026-04-07T23:46:41.389105+09:00,2026-04-07,23,019d6868-e659-71a3-96fa-fda5046e922b,1,gpt-5.4,exclude,user_prompt,smalltalk_or_noise,general,general,8,1,False,False,False,False,False,1,1,1,1,1.00,False,True,noise_or_smalltalk,,asdfasdf
P0003,3,2026-04-07T23:49:47.424417+09:00,2026-04-07,23,019d685f-abf0-7e80-b5c6-6b4e2d581a2a,1,gpt-5.4,primary,user_prompt,question,codex_setup,codex_setup,85,1,False,True,False,False,False,3,2,1,2,2.00,False,False,,,내가 남의 repo에 contributor로 초대되어서 하는 입장이면 이거는 내가 못 하는거야???? marketplace에서 뭔가 설치하는게 불가능함?
P0004,4,2026-04-07T23:58:47.096670+09:00,2026-04-07,23,019d685f-abf0-7e80-b5c6-6b4e2d581a2a,2,gpt-5.4,primary,user_prompt,debug,codex_setup,codex_setup,116,1,False,True,False,False,False,3,2,1,2,2.00,True,False,,,"이게 똑같이 다른 사람들도 clone 해가서 log가 쌓이는지만 테스트하고 있는데 다른 사람들 컴에서는 안 돼. cli 아니고 그냥 codex를 쓰는데, 원인이 뭘까??? cli 안 써서가 원인일 수 있나??"
P0005,5,2026-04-08T00:02:14.655713+09:00,2026-04-08,0,019d685f-abf0-7e80-b5c6-6b4e2d581a2a,3,gpt-5.4,primary,user_prompt,question,codex_setup,codex_setup,175,6,True,True,True,False,False,4,4,1,4,3.25,False,False,,,프로젝트를 trusted로 열지 않음 공식 설정 문서에 따르면 프로젝트를 trust하지 않으면 repo의 .codex/config.toml 같은 project config를 건너뜁니다. 그러면 여기의 codex...
P0006,6,2026-04-08T00:02:39.812838+09:00,2026-04-08,0,019d685f-abf0-7e80-b5c6-6b4e2d581a2a,4,gpt-5.4,context_only,user_prompt,question,codex_setup,codex_setup,14,1,False,True,False,False,False,1,1,1,1,1.00,False,True,context_dependent_followup,,codex 앱에서 알려줘.
P0007,7,2026-04-08T14:37:12.825672+09:00,2026-04-08,14,019d6b98-2927-7920-810c-257fc61bba7a,1,gpt-5.4,exclude,user_prompt,smalltalk_or_noise,general,general,2,1,False,False,False,False,False,1,1,1,1,1.00,False,True,noise_or_smalltalk,,ㅎㅇ
P0009,9,2026-04-08T14:40:49.688072+09:00,2026-04-08,14,019d6b98-2927-7920-810c-257fc61bba7a,2,gpt-5.4,exclude,user_prompt,smalltalk_or_noise,general,general,4,1,False,False,False,False,False,1,1,1,1,1.00,False,True,noise_or_smalltalk,,ㅎㅇㅎㅇ
P0010,10,2026-04-08T14:53:06.062517+09:00,2026-04-08,14,019d6b8a-d71d-7b50-94fd-81ec5c66bfbd,1,gpt-5.4,primary,user_prompt,question,c_language,c_language,41,1,False,True,False,False,False,2,1,1,2,1.50,False,False,,,getopt는 뭐야??? C 표준 라이브러리에서 제공하는 함수 라고 하던데
P0011,11,2026-04-08T14:54:18.973599+09:00,2026-04-08,14,019d6b8a-d71d-7b50-94fd-81ec5c66bfbd,2,gpt-5.4,context_only,user_prompt,question,general,general,8,1,False,True,False,False,False,1,1,1,1,1.00,False,True,context_dependent_followup,,뭐가 다른건데?
P0012,12,2026-04-08T14:57:06.451754+09:00,2026-04-08,14,019d6ba9-6d50-76c2-903d-0ce50d994770,1,gpt-5.4,primary,user_prompt,planning,sql_execute,sql_execute|cli_main|docs_plan,404,20,True,True,True,False,True,5,5,4,3,4.25,False,False,,,"**규칙** - 함수 이름을 맞출 필요는 없음. - 더 작은 함수로 쪼개도 되지만 핵심 함수는 존재해야 함. ## 1. Main() (처음엔 입력만 했는데, main에서 추상화해서 보여줄 수 있게 역할이 바뀜...."
P0014,14,2026-04-08T14:59:10.973644+09:00,2026-04-08,14,019d6ba9-6d50-76c2-903d-0ce50d994770,2,gpt-5.4,primary,user_prompt,implementation,general,general,67,1,False,True,True,False,False,3,2,1,5,2.75,False,False,,,그럼 이 구조를 heageon/ 디렉토리 아래에 만들어봐줄 수 있음??? src/를 heageon으로 대체해서 만들어줘.
P0015,15,2026-04-08T15:00:28.740619+09:00,2026-04-08,15,019d6ba9-6d50-76c2-903d-0ce50d994770,3,gpt-5.4,primary,user_prompt,debug,general,general,72,1,False,True,False,False,False,2,1,1,2,1.50,True,False,,,"잠깐만, include 디렉토리를 heageon 안에 넣으면 안 돼??? 우리 팀은 자기 디렉토리 바깥에서 작업하지 않기로 했어."
P0016,16,2026-04-08T15:02:24.616274+09:00,2026-04-08,15,019d6ba9-6d50-76c2-903d-0ce50d994770,4,gpt-5.4,primary,user_prompt,implementation,general,general,69,1,False,False,True,False,False,3,2,4,4,3.25,False,False,,,"cli/cli.c 이렇게 되어 있는데, 이거 그냥 단일 파일이면 일단은 디렉토리 바깥으로 다 빼줘. 디렉토리는 다 지워줘."
P0017,17,2026-04-08T15:03:07.339644+09:00,2026-04-08,15,019d6ba9-6d50-76c2-903d-0ce50d994770,5,gpt-5.4,primary,user_prompt,question,general,general,39,1,False,True,False,False,False,2,1,1,2,1.50,False,False,,,.h 파일도 다 지워도 되지 않아?? 그냥 .c에 다 구현하려고 하는데
P0018,18,2026-04-08T15:03:25.754134+09:00,2026-04-08,15,019d6ba9-6d50-76c2-903d-0ce50d994770,6,gpt-5.4,context_only,user_prompt,implementation,general,general,18,1,False,False,False,False,False,1,1,2,2,1.50,False,True,context_dependent_followup,,좋아. 깔끔하게 .h 다 지워줘.
P0019,19,2026-04-08T15:04:30.401480+09:00,2026-04-08,15,019d6ba9-6d50-76c2-903d-0ce50d994770,7,gpt-5.4,primary,user_prompt,other,cli_main,cli_main,51,1,False,False,True,False,False,3,2,3,3,2.75,False,False,,,그럼 일단 다 합쳐줘. main.c 하나에서 작업하다가 필요성을 느끼면 리팩토링하도록 할래.
P0020,20,2026-04-08T15:06:24.986302+09:00,2026-04-08,15,019d6ba9-6d50-76c2-903d-0ce50d994770,8,gpt-5.4,primary,user_prompt,other,sql_execute,sql_execute|sql_parse|cli_main,212,3,True,False,False,False,False,3,3,4,3,3.25,False,False,,,"main 하나에서 리다이렉트 되었거나 사용자가 직접 입력하는 상황에서의 입력값을 받고, parser에게 넘겨 문장을 만든 뒤, 그 결과를 executor에게 넘기는 작업을 수행하도록 하고 싶어. 우선은 main..."
P0021,21,2026-04-08T15:13:59.255054+09:00,2026-04-08,15,019d6ba9-6d50-76c2-903d-0ce50d994770,9,gpt-5.4,primary,user_prompt,implementation,cli_main,cli_main,34,1,False,False,False,False,False,2,1,1,4,2.00,False,False,,,main 함수에서 각각이 뭐하는건지 설명해줘. 주석을 달아줘.
P0022,22,2026-04-08T15:16:32.324837+09:00,2026-04-08,15,019d6ba9-6d50-76c2-903d-0ce50d994770,10,gpt-5.4,primary,user_prompt,planning,docs_plan,docs_plan,102,5,True,True,False,False,False,3,4,1,3,2.75,True,False,,,"동적으로 버퍼를 늘리는 ensure capacity 메소드가 왜 필요한거고, 없다면 어느 정도 크기 이상의 문자열을 받았을 때 오류가 발생할 수 있으며, 꼭 필요한것인지 검토해줘."
P0023,23,2026-04-08T15:18:05.382089+09:00,2026-04-08,15,019d6ba9-6d50-76c2-903d-0ce50d994770,11,gpt-5.4,primary,user_prompt,other,cli_main,cli_main,149,2,True,False,True,False,False,4,4,3,3,3.50,False,False,,,"누적 저장 방식은 빼줘. 핵심 기능이 아니잖아. 또 코어 기능이 아닌 것들은 전부 걷어내고, 구현된 코드 main.c 의 코드를 최대한 단순하고 작게 유지해줘. 일단 아주 간단하게 만들어진 MVP를 먼저 이해한..."
P0024,24,2026-04-08T15:19:32.419750+09:00,2026-04-08,15,019d6ba9-6d50-76c2-903d-0ce50d994770,12,gpt-5.4,primary,user_prompt,implementation,cli_main,cli_main,62,1,False,False,True,False,False,3,2,1,5,2.75,False,False,,,"input.txt 같은 텍스트 파일에서의 리다이렉션도 테스트하고 싶은데, 그걸 위한 짧은 sql 문을 만들어줘."
P0025,25,2026-04-08T15:19:43.673885+09:00,2026-04-08,15,019d6ba9-6d50-76c2-903d-0ce50d994770,13,gpt-5.4,primary,user_prompt,implementation,cli_main,cli_main,19,1,False,False,False,False,False,1,1,1,3,1.50,False,True,,,그걸 input.txt에 만들어줘.
P0026,26,2026-04-08T15:20:24.384523+09:00,2026-04-08,15,019d6ba9-6d50-76c2-903d-0ce50d994770,14,gpt-5.4,primary,user_prompt,question,cli_main,cli_main,15,1,False,True,False,False,False,1,1,1,1,1.00,False,True,,,fgets가 뭐하는애임???
P0027,27,2026-04-08T15:21:24.259860+09:00,2026-04-08,15,019d6ba9-6d50-76c2-903d-0ce50d994770,15,gpt-5.4,primary,user_prompt,question,general,general,34,1,False,True,False,False,False,2,1,1,2,1.50,False,False,,,여기서 테스트를 붙일 수 있을까? ?뭐를 검증할 수 있지???
P0028,28,2026-04-08T15:22:56.946301+09:00,2026-04-08,15,019d6ba9-6d50-76c2-903d-0ce50d994770,16,gpt-5.4,primary,user_prompt,implementation,general,general,48,1,False,False,False,False,False,2,1,1,4,2.00,False,False,,,불필요한 실행파일 등이 git에 올라가지 않도록 gitignore를 적절하게 수정해줘.
P0029,29,2026-04-08T15:23:37.308169+09:00,2026-04-08,15,019d6ba9-6d50-76c2-903d-0ce50d994770,17,gpt-5.4,context_only,user_prompt,implementation,general,general,10,1,False,False,False,False,False,1,1,1,3,1.50,False,True,context_dependent_followup,,그것들도 정리해줘.
P0030,30,2026-04-08T15:29:19.423169+09:00,2026-04-08,15,019d6ba9-6d50-76c2-903d-0ce50d994770,18,gpt-5.4,primary,user_prompt,git_tooling,git_workflow,git_workflow,10,1,False,False,False,True,False,2,1,1,3,1.75,False,False,,,이걸 pr 날려줘.
P0031,31,2026-04-08T15:31:10.139876+09:00,2026-04-08,15,019d6ba9-6d50-76c2-903d-0ce50d994770,19,gpt-5.4,context_only,user_prompt,debug,general,general,9,1,False,False,False,False,False,1,1,1,1,1.00,True,True,context_dependent_followup,,아무것도 안 나옴
P0032,32,2026-04-08T15:32:11.290954+09:00,2026-04-08,15,019d6ba9-6d50-76c2-903d-0ce50d994770,20,gpt-5.4,context_only,user_prompt,other,general,general,2,1,False,False,False,False,False,1,1,1,1,1.00,False,True,context_dependent_followup,,했음
P0033,33,2026-04-08T16:13:42.650060+09:00,2026-04-08,16,019d6ba9-6d50-76c2-903d-0ce50d994770,21,gpt-5.4,primary,user_prompt,implementation,general,general,38,1,False,False,False,False,False,2,1,1,3,1.75,False,False,,,종료조건인 경우에는 while 문을 종료하도록 하는 코드도 추가해줘.
P0034,34,2026-04-08T16:14:25.914218+09:00,2026-04-08,16,019d6ba9-6d50-76c2-903d-0ce50d994770,22,gpt-5.4,primary,user_prompt,question,cli_main,cli_main,47,1,False,True,False,True,False,3,1,1,2,1.75,False,False,,,"메타데이터로 .exit, .quit 같은 패턴을 사용해줄 수 있음??? 메타 명령어?"
P0035,35,2026-04-08T17:15:39.706795+09:00,2026-04-08,17,019d6c29-3243-7d71-b59d-3675c0753522,1,gpt-5.4,primary,user_prompt,git_tooling,git_workflow,git_workflow,20,1,False,True,False,True,False,3,1,1,3,2.00,False,False,,,지금 왜 git push 가 안 되냐
P0037,37,2026-04-08T17:17:08.710223+09:00,2026-04-08,17,019d6c29-3243-7d71-b59d-3675c0753522,2,gpt-5.4,primary,user_prompt,git_tooling,git_workflow,git_workflow,66,1,False,True,False,True,False,3,1,1,3,2.00,False,False,,,원격에 있는 것들을 로컬로 가져오고 난 뒤에 내가 만든거를 push 할 수는 없음??? 그럼 커밋 자체를 지워야 하나?
P0038,38,2026-04-08T19:03:33.846452+09:00,2026-04-08,19,019d6c29-3243-7d71-b59d-3675c0753522,3,gpt-5.4,exclude,user_prompt,smalltalk_or_noise,general,general,4,1,False,False,False,False,False,1,1,1,1,1.00,False,True,noise_or_smalltalk,,asdf
P0039,39,2026-04-08T19:43:32.622549+09:00,2026-04-08,19,019d6cb0-0bd8-7f21-bc14-ddda7d003c90,1,gpt-5.4,primary,user_prompt,git_tooling,git_workflow,git_workflow,109,1,False,True,False,True,False,4,2,1,4,2.75,False,False,,,지금 프로젝트에서 불필요한 것들이 git 변경사항에 올라가거든?? 이것들을 없애도록 gitignore을 수정해줘. 프로젝트 특성 상 쓸데없이 추가될 만한 것들을 표준적으로 다 무시하도록 수정해줘.
P0041,41,2026-04-08T19:52:34.946877+09:00,2026-04-08,19,019d6cb0-0bd8-7f21-bc14-ddda7d003c90,2,gpt-5.4,primary,user_prompt,planning,sql_parse,sql_parse|docs_plan,825,24,True,False,True,True,True,5,5,5,5,5.00,True,False,,,[AGENTS.md](haegeon/AGENTS.md) 을 읽고 작업해줘. 이번에 작업할 것은 - 책임: SQL 문자열을 보고 해석한다. - 구현 - 함수: `parse` - 문자열(`char *`)을 인자로 ...
P0042,42,2026-04-08T19:53:02.356612+09:00,2026-04-08,19,019d6cb9-38d0-76a2-a2bf-ff59f150f8c9,1,gpt-5.4,primary,user_prompt,debug,thermal_env,thermal_env,45,1,False,True,False,False,False,2,1,1,2,1.50,True,False,,,지금 컴터 ㅈㄴ 뜨거운데 이거 왜 이런거야??? 누가 발열의 제일 큰 원인임???
P0044,44,2026-04-08T19:55:18.841789+09:00,2026-04-08,19,019d6cb9-38d0-76a2-a2bf-ff59f150f8c9,2,gpt-5.4,context_only,user_prompt,question,general,general,4,1,False,True,False,False,False,1,1,1,1,1.00,False,True,context_dependent_followup,,지금은?
P0045,45,2026-04-08T19:55:38.424533+09:00,2026-04-08,19,019d6cb9-38d0-76a2-a2bf-ff59f150f8c9,3,gpt-5.4,primary,user_prompt,debug,thermal_env,thermal_env,11,1,False,False,False,False,False,1,1,1,1,1.00,True,True,,,100도가 넘어갔었음
P0046,46,2026-04-08T20:04:38.618493+09:00,2026-04-08,20,019d6cc3-a119-7242-8c46-6316d5fe2197,1,gpt-5.4,primary,user_prompt,planning,docs_plan,docs_plan,93,1,False,True,True,False,True,5,4,4,5,4.50,False,False,,,[plan.md](haegeon/docs/plan.md) 에 내가 질문을 남겨놨어. 이 질문에 답해줘. 내가 이 계획대로 구현하라고 하기 전까지는 절대로 구현하지 마.
P0048,48,2026-04-08T20:07:30.758397+09:00,2026-04-08,20,019d6cc3-a119-7242-8c46-6316d5fe2197,2,gpt-5.4,primary,user_prompt,other,docs_plan,docs_plan,34,1,False,False,False,False,False,2,1,3,2,2.00,False,False,,,좋아. plan.md만 다듬어줘. 절대 구현에 들어가지는 마.
P0049,49,2026-04-08T20:09:58.539499+09:00,2026-04-08,20,019d6cc3-a119-7242-8c46-6316d5fe2197,3,gpt-5.4,primary,user_prompt,planning,docs_plan,docs_plan,51,1,False,False,True,False,True,4,3,1,5,3.25,False,False,,,좋아. [plan.md](haegeon/docs/plan.md) 에 나온 계획대로 구현해줘.
P0050,50,2026-04-08T20:10:35.802069+09:00,2026-04-08,20,019d6cb9-38d0-76a2-a2bf-ff59f150f8c9,4,gpt-5.4,context_only,user_prompt,debug,thermal_env,thermal_env,18,1,False,True,False,False,False,1,1,1,1,1.00,True,True,context_dependent_followup,,지금은 왜 뜨거운건지지 좀 봐줘.
P0051,51,2026-04-08T20:11:29.671458+09:00,2026-04-08,20,019d6cb9-38d0-76a2-a2bf-ff59f150f8c9,5,gpt-5.4,primary,user_prompt,question,codex_setup,codex_setup|thermal_env,38,1,False,True,False,True,False,3,1,1,2,1.75,False,False,,,codex cli을 터미널에서 열어서 작업하면 좀 발열이 없어짐???
P0052,52,2026-04-08T20:18:27.942517+09:00,2026-04-08,20,019d6cd0-843f-7bf0-a49a-a5b062a10004,1,gpt-5.4,primary,user_prompt,question,c_language,c_language,18,1,False,True,False,False,False,1,1,1,1,1.00,False,True,,,memset 이거 뭐하는 애임??
P0053,53,2026-04-08T20:20:42.269047+09:00,2026-04-08,20,019d6cd0-843f-7bf0-a49a-a5b062a10004,2,gpt-5.4,primary,user_prompt,question,general,general,23,1,False,True,False,False,False,2,1,1,1,1.25,False,True,,,내가 테스트 돌려보려면 어떻게 해야 해??
P0054,54,2026-04-08T20:21:14.126088+09:00,2026-04-08,20,019d6cd0-843f-7bf0-a49a-a5b062a10004,3,gpt-5.4,context_only,user_prompt,other,general,general,11,1,False,False,False,False,False,1,1,3,1,1.50,False,True,context_dependent_followup,,해건을 기준으로 봐.
P0055,55,2026-04-08T20:26:43.628864+09:00,2026-04-08,20,019d6cd0-843f-7bf0-a49a-a5b062a10004,4,gpt-5.4,primary,user_prompt,git_tooling,git_workflow,git_workflow|cli_main,58,1,False,False,False,True,False,3,1,1,4,2.25,False,False,,,지금 내가 push 한 것들 있는데 이거 모아서 새로운 PR 만들어줘. main 에 넣는 PR이어야 해.
P0056,56,2026-04-08T20:27:39.618087+09:00,2026-04-08,20,019d6cd0-843f-7bf0-a49a-a5b062a10004,5,gpt-5.4,primary,user_prompt,git_tooling,git_workflow,git_workflow,13,1,False,True,False,False,False,1,1,1,1,1.00,False,True,,,어떻게 인증 갱신하는데?
P0057,57,2026-04-08T20:29:36.737028+09:00,2026-04-08,20,019d6cd0-843f-7bf0-a49a-a5b062a10004,6,gpt-5.4,context_only,user_prompt,git_tooling,git_workflow,git_workflow,5,1,False,False,False,False,False,1,1,1,1,1.00,False,True,context_dependent_followup,,인증 끝.
P0058,58,2026-04-08T20:30:21.555696+09:00,2026-04-08,20,019d6cd0-843f-7bf0-a49a-a5b062a10004,7,gpt-5.4,primary,user_prompt,git_tooling,git_workflow,git_workflow,29,1,False,False,False,True,False,3,1,2,4,2.50,False,False,,,"그냥 내가 할테니까, PR 제목이랑 본문만 만들어줘."
P0059,59,2026-04-08T20:58:48.746095+09:00,2026-04-08,20,019d6cd0-843f-7bf0-a49a-a5b062a10004,8,gpt-5.4,primary,user_prompt,debug,sql_parse,sql_parse,875,23,True,False,False,True,False,5,3,1,3,3.00,True,False,,,"parse 함수에서 lookahead 포인터로 문장 종류를 확인한 뒤, 각 파싱 함수(parse_select_statement, parse_insert_statement) 내부에서 다시 키워드를 파싱하는 구조는..."
P0060,60,2026-04-08T20:59:40.297401+09:00,2026-04-08,20,019d6cd0-843f-7bf0-a49a-a5b062a10004,9,gpt-5.4,context_only,user_prompt,other,general,general,3,1,False,False,False,False,False,1,1,1,1,1.00,False,True,context_dependent_followup,,좋아.
P0061,61,2026-04-08T21:00:02.779818+09:00,2026-04-08,21,019d6cd0-843f-7bf0-a49a-a5b062a10004,10,gpt-5.4,primary,user_prompt,other,general,general,15,1,False,False,False,False,False,1,1,1,2,1.25,False,True,,,커밋 날리고 푸쉬까지 해줘.
P0062,62,2026-04-08T21:00:40.646202+09:00,2026-04-08,21,019d6cf6-d8d7-7e72-9ecc-ccb02489519c,1,gpt-5.4,primary,user_prompt,planning,sql_parse,sql_parse|docs_plan,219,4,True,True,True,True,False,4,5,1,3,3.25,True,False,,,실패 예시 섹션에 포함된 insert into users values ('kim'); 구문은 현재 파서의 문법 규칙에 따르면 유효한 SQL입니다. 이 예시가 왜 실패 케이스에 포함되었는지 명확하지 않습니다. 문...
P0063,63,2026-04-08T21:14:01.299220+09:00,2026-04-08,21,019d6d02-905d-74b0-bfe8-f66821a86a40,1,gpt-5.4,primary,user_prompt,planning,sql_execute,sql_execute|sql_parse|docs_plan,387,18,True,False,True,True,True,5,5,4,5,4.75,True,False,,,"이제 마지막 모듈을 구현해야 해. ## 3. 실행/저장 - 책임: ""문장""을 받고 실행한다. 파일에 저장/출력을 한다. - 구현: - 함수: `execute` - 인자: ""문장"" (inser or select)..."
P0064,64,2026-04-08T21:26:04.384238+09:00,2026-04-08,21,019d6d0d-13bd-7a62-a482-bd9e4f66551e,1,gpt-5.4,primary,user_prompt,planning,sql_execute,sql_execute|sql_parse|docs_plan,445,23,True,False,True,True,True,5,5,5,4,4.75,True,False,,,"haegeon/AGENTS.md 를 보고 작업해줘. ## 3. 실행/저장 - 책임: ""문장""을 받고 실행한다. 파일에 저장/출력을 한다. - 구현: - 함수: `execute` - 인자: ""문장"" (inser ..."
P0065,65,2026-04-08T21:27:00.865554+09:00,2026-04-08,21,019d6d0d-13bd-7a62-a482-bd9e4f66551e,2,gpt-5.4,primary,user_prompt,planning,sql_execute,sql_execute|sql_parse|docs_plan,482,33,True,False,True,True,True,5,5,5,4,4.75,True,False,,,"haegeon/AGENTS.md 를 보고 작업해줘. ## 3. 실행/저장 - 책임: ""문장""을 받고 실행한다. 파일에 저장/출력을 한다. - 구현: - 함수: `execute` - 인자: ""문장"" (inser ..."
P0066,66,2026-04-08T21:31:01.819846+09:00,2026-04-08,21,019d6d0d-13bd-7a62-a482-bd9e4f66551e,3,gpt-5.4,primary,user_prompt,planning,docs_plan,docs_plan,21,1,False,False,False,False,False,2,1,3,2,2.00,False,True,,,지금 만든 계획을 md 파일에 넣어줘.
P0067,67,2026-04-08T21:38:24.865647+09:00,2026-04-08,21,019d6d0d-13bd-7a62-a482-bd9e4f66551e,4,gpt-5.4,context_only,user_prompt,other,general,general,14,1,False,False,False,False,False,1,1,1,1,1.00,False,True,context_dependent_followup,,좋아. 이대로 구현 해줘.
P0068,68,2026-04-08T21:46:34.041631+09:00,2026-04-08,21,019d6d0d-13bd-7a62-a482-bd9e4f66551e,5,gpt-5.4,primary,user_prompt,question,general,general,50,1,False,True,False,False,False,2,1,1,2,1.50,False,False,,,그럼 내가 실행해볼 수 있는거임??? 어케 실행해봐??? sql 결과 파일은 어디 저장돼?
P0069,69,2026-04-08T21:49:26.259390+09:00,2026-04-08,21,019d6d0d-13bd-7a62-a482-bd9e4f66551e,6,gpt-5.4,primary,user_prompt,debug,sql_parse,sql_parse|cli_main,122,6,True,False,False,True,False,4,4,1,2,2.75,True,False,,,select * from users [main] input: select * from users [parser] parse failed with error code 5. select 실행 시 파서에서 오류가 발생해.
P0070,70,2026-04-08T21:56:42.024266+09:00,2026-04-08,21,019d6d0d-13bd-7a62-a482-bd9e4f66551e,7,gpt-5.4,primary,user_prompt,review,cli_main,cli_main,53,1,False,False,False,False,False,2,1,2,3,2.00,False,False,,,main 에서 너무 많은 함수들이 들어있어서 리뷰가 힘들어. 별도의 파일로 적절하게 분리해줘.
P0071,71,2026-04-08T21:58:42.998699+09:00,2026-04-08,21,019d6d0d-13bd-7a62-a482-bd9e4f66551e,8,gpt-5.4,primary,user_prompt,git_tooling,git_workflow,git_workflow,26,1,False,False,False,True,False,3,1,1,3,2.00,False,False,,,이거로 commit 만들고 push 까지 해줘.
P0072,72,2026-04-08T22:05:10.219238+09:00,2026-04-08,22,019d6d0d-13bd-7a62-a482-bd9e4f66551e,9,gpt-5.4,primary,user_prompt,analysis_documentation,prompt_log,prompt_log|cli_main,75,1,False,True,False,False,False,2,1,1,2,1.50,True,False,,,왜 지금 또 실행이 안 돼? 또 정상적으로 실행이 될 때도 db> 같은 입력 안내 프롬프트가 안 떴었는데 그 문제도 한 번 다시 봐줘.
P0073,73,2026-04-08T22:06:13.341374+09:00,2026-04-08,22,019d6d0d-13bd-7a62-a482-bd9e4f66551e,10,gpt-5.4,primary,user_prompt,question,sql_execute,sql_execute,61,1,False,True,False,False,False,2,2,3,3,2.50,False,False,,,현재 저장하는 형태가 그냥 raw values를 저장하고 있는데 이거를 csv로 바꿔서 저장해줄 수 있음???
P0074,74,2026-04-08T22:19:28.180959+09:00,2026-04-08,22,019d6d3c-90f3-7392-b0d6-7e480cca3de0,1,gpt-5.4,primary,user_prompt,analysis_documentation,prompt_log,prompt_log|docs_plan,376,16,True,True,False,False,False,4,4,5,4,4.25,False,False,,,"@user-prompts.jsonl의 파일을 기반으로 작업해. 해야 하는 것: 해당 로그 파일에서 데이터를 수집해서 github에 올릴 파일로 가공하기 하는 이유: 팀원들과 함께 프로젝트를 진행했는데, 프롬프트..."
P0075,75,2026-04-08T22:23:51.192336+09:00,2026-04-08,22,019d6d3c-90f3-7392-b0d6-7e480cca3de0,2,gpt-5.4,context_only,user_prompt,implementation,general,general,20,1,False,False,False,False,False,2,1,1,3,1.75,False,True,context_dependent_followup,,좋아. 이대로 결과 파일을 만들어줘.
