session_id,analysis_prompt_count,primary_prompt_count,context_only_count,excluded_prompt_count,session_start_kst,session_end_kst,session_duration_minutes,models_used,dominant_task_types,dominant_topics,repair_signal_count,avg_overall_prompt_score,plan_to_execution_transition,implementation_to_debug_transition,session_pattern,first_prompt_id,last_prompt_id,first_prompt_excerpt
019d6868-e659-71a3-96fa-fda5046e922b,0,0,0,1,2026-04-07T23:46:41.389105+09:00,2026-04-07T23:46:41.389105+09:00,0.0,gpt-5.4,,,0,0.00,False,False,excluded_only,P0002,P0002,asdfasdf
019d685f-abf0-7e80-b5c6-6b4e2d581a2a,4,3,1,0,2026-04-07T23:49:47.424417+09:00,2026-04-08T00:02:39.812838+09:00,12.9,gpt-5.4,question:3|debug:1,codex_setup:4,1,2.42,False,False,reference_qna,P0003,P0006,내가 남의 repo에 contributor로 초대되어서 하는 입장이면 이거는 내가 못 하는거야???? marketplace에서 뭔가 설치하는게 불가능함?
019d6b98-2927-7920-810c-257fc61bba7a,0,0,0,2,2026-04-08T14:37:12.825672+09:00,2026-04-08T14:40:49.688072+09:00,3.6,gpt-5.4,,,0,0.00,False,False,excluded_only,P0007,P0009,ㅎㅇ
019d6b8a-d71d-7b50-94fd-81ec5c66bfbd,2,1,1,0,2026-04-08T14:53:06.062517+09:00,2026-04-08T14:54:18.973599+09:00,1.2,gpt-5.4,question:2,c_language:1,0,1.50,False,False,reference_qna,P0010,P0011,getopt는 뭐야??? C 표준 라이브러리에서 제공하는 함수 라고 하던데
019d6ba9-6d50-76c2-903d-0ce50d994770,22,18,4,0,2026-04-08T14:57:06.451754+09:00,2026-04-08T16:14:25.914218+09:00,77.3,gpt-5.4,implementation:9|question:4|other:4,cli_main:9|sql_execute:2|docs_plan:2,3,2.31,True,True,spec_to_build_to_fix,P0012,P0034,"**규칙** - 함수 이름을 맞출 필요는 없음. - 더 작은 함수로 쪼개도 되지만 핵심 함수는 존재해야 함. ## 1. Main() (처음엔 입력만 했는데, main에서 추상화해서 보여줄 수 있게 역할이 바뀜...."
019d6c29-3243-7d71-b59d-3675c0753522,2,2,0,1,2026-04-08T17:15:39.706795+09:00,2026-04-08T19:03:33.846452+09:00,107.9,gpt-5.4,git_tooling:2,git_workflow:2,0,2.00,False,False,git_tooling,P0035,P0038,지금 왜 git push 가 안 되냐
019d6cb0-0bd8-7f21-bc14-ddda7d003c90,2,2,0,0,2026-04-08T19:43:32.622549+09:00,2026-04-08T19:52:34.946877+09:00,9.0,gpt-5.4,git_tooling:1|planning:1,git_workflow:1|sql_parse:1|docs_plan:1,1,3.88,False,False,git_tooling,P0039,P0041,지금 프로젝트에서 불필요한 것들이 git 변경사항에 올라가거든?? 이것들을 없애도록 gitignore을 수정해줘. 프로젝트 특성 상 쓸데없이 추가될 만한 것들을 표준적으로 다 무시하도록 수정해줘.
019d6cb9-38d0-76a2-a2bf-ff59f150f8c9,5,3,2,0,2026-04-08T19:53:02.356612+09:00,2026-04-08T20:11:29.671458+09:00,18.5,gpt-5.4,debug:3|question:2,thermal_env:4|codex_setup:1,3,1.42,False,False,debug_loop,P0042,P0051,지금 컴터 ㅈㄴ 뜨거운데 이거 왜 이런거야??? 누가 발열의 제일 큰 원인임???
019d6cc3-a119-7242-8c46-6316d5fe2197,3,3,0,0,2026-04-08T20:04:38.618493+09:00,2026-04-08T20:09:58.539499+09:00,5.3,gpt-5.4,planning:2|other:1,docs_plan:3,0,3.25,False,False,mixed_execution,P0046,P0049,[plan.md](haegeon/docs/plan.md) 에 내가 질문을 남겨놨어. 이 질문에 답해줘. 내가 이 계획대로 구현하라고 하기 전까지는 절대로 구현하지 마.
019d6cd0-843f-7bf0-a49a-a5b062a10004,10,7,3,0,2026-04-08T20:18:27.942517+09:00,2026-04-08T21:00:02.779818+09:00,41.6,gpt-5.4,git_tooling:4|other:3|question:2,git_workflow:4|c_language:1|cli_main:1,1,1.75,False,False,git_tooling,P0052,P0061,memset 이거 뭐하는 애임??
019d6cf6-d8d7-7e72-9ecc-ccb02489519c,1,1,0,0,2026-04-08T21:00:40.646202+09:00,2026-04-08T21:00:40.646202+09:00,0.0,gpt-5.4,planning:1,sql_parse:1|docs_plan:1,1,3.25,False,False,mixed_execution,P0062,P0062,실패 예시 섹션에 포함된 insert into users values ('kim'); 구문은 현재 파서의 문법 규칙에 따르면 유효한 SQL입니다. 이 예시가 왜 실패 케이스에 포함되었는지 명확하지 않습니다. 문...
019d6d02-905d-74b0-bfe8-f66821a86a40,1,1,0,0,2026-04-08T21:14:01.299220+09:00,2026-04-08T21:14:01.299220+09:00,0.0,gpt-5.4,planning:1,sql_execute:1|sql_parse:1|docs_plan:1,1,4.75,False,False,mixed_execution,P0063,P0063,"이제 마지막 모듈을 구현해야 해. ## 3. 실행/저장 - 책임: ""문장""을 받고 실행한다. 파일에 저장/출력을 한다. - 구현: - 함수: `execute` - 인자: ""문장"" (inser or select)..."
019d6d0d-13bd-7a62-a482-bd9e4f66551e,10,9,1,0,2026-04-08T21:26:04.384238+09:00,2026-04-08T22:06:13.341374+09:00,40.1,gpt-5.4,planning:3|question:2|other:1,sql_execute:3|sql_parse:3|docs_plan:3,4,2.64,False,False,mixed_execution,P0064,P0073,"haegeon/AGENTS.md 를 보고 작업해줘. ## 3. 실행/저장 - 책임: ""문장""을 받고 실행한다. 파일에 저장/출력을 한다. - 구현: - 함수: `execute` - 인자: ""문장"" (inser ..."
019d6d3c-90f3-7392-b0d6-7e480cca3de0,2,1,1,0,2026-04-08T22:19:28.180959+09:00,2026-04-08T22:23:51.192336+09:00,4.4,gpt-5.4,analysis_documentation:1|implementation:1,prompt_log:1|docs_plan:1,0,4.25,False,False,analysis_project,P0074,P0075,"@user-prompts.jsonl의 파일을 기반으로 작업해. 해야 하는 것: 해당 로그 파일에서 데이터를 수집해서 github에 올릴 파일로 가공하기 하는 이유: 팀원들과 함께 프로젝트를 진행했는데, 프롬프트..."
